{"cameraMode":{"drawMode":0,"name":"Shaded","section":"Shading Mode"},"sceneLighting":false,"audioPlay":false,"sceneViewState":{"m_AlwaysRefresh":false,"showFog":true,"showSkybox":false,"showFlares":true,"showImageEffects":true,"showParticleSystems":true,"showVisualEffectGraphs":true,"m_FxEnabled":true},"in2DMode":false,"pivot":{"x":0.11905554682016373,"y":-0.1818232536315918,"z":-0.3501173257827759},"rotation":{"x":0.48666155338287356,"y":0.025416113436222078,"z":-0.014166707172989846,"w":0.8731062412261963},"size":0.8410913348197937,"orthographic":false}