{"cameraMode":{"drawMode":0,"name":"Shaded","section":"Shading Mode"},"sceneLighting":false,"audioPlay":false,"sceneViewState":{"m_AlwaysRefresh":false,"showFog":true,"showSkybox":false,"showFlares":true,"showImageEffects":true,"showParticleSystems":true,"showVisualEffectGraphs":true,"m_FxEnabled":true},"in2DMode":false,"pivot":{"x":3.1939806938171388,"y":0.9481213092803955,"z":2.055595874786377},"rotation":{"x":-0.34790629148483279,"y":-0.09623418748378754,"z":0.03592635691165924,"w":-0.9318878650665283},"size":2.0874340534210207,"orthographic":false}