{"cameraMode":{"drawMode":0,"name":"Shaded","section":"Shading Mode"},"sceneLighting":true,"audioPlay":false,"sceneViewState":{"m_AlwaysRefresh":false,"showFog":true,"showSkybox":true,"showFlares":true,"showImageEffects":true,"showParticleSystems":true,"showVisualEffectGraphs":true,"m_FxEnabled":true},"in2DMode":false,"pivot":{"x":7.660026550292969,"y":-1.2928028106689454,"z":3.0590620040893556},"rotation":{"x":0.21761010587215424,"y":0.4567711651325226,"z":-0.11629468947649002,"w":0.8546863794326782},"size":10.527046203613282,"orthographic":false}